technique,age,total_citations,citations_per_year
brostrom,1956.0,8077.0,117.05797101449275
brostom with gould,1980.0,2972.0,43.072463768115945
internal brace,1958.0,11772.0,170.6086956521739
